feature,mean_importance
feature_1,0.028750180424357952
feature_2,0.3547470877712683
feature_3,2.406176093686143
feature_4,3.0828362652480132
