feature,mean_importance
feature_1,0.0006899312571817251
feature_2,0.014889427660566574
feature_4,0.27110790765935366
feature_3,1.6497475609489167
