feature,mean_importance
feature_1,1.6653345369377347e-17
feature_2,2.2204460492503132e-17
feature_3,0.4102185812991527
feature_4,0.6533797233887466
