feature,mean_importance
feature_2,0.07029822175544728
feature_1,0.14723254543955028
feature_3,0.6119301699580378
feature_4,0.7147809762622673
